Ala.C,1
Ala.CA,-1
Ala.CB,-1
Ala.N,1
Ala.O,1
Arg.C,1
Arg.CA,-1
Arg.CB,-1
Arg.CD,-1
Arg.CG,-1
Arg.CZ,1
Arg.N,1
Arg.NE,1
Arg.NH1,1
Arg.NH2,1
Arg.O,1
Asn.C,1
Asn.CA,-1
Asn.CB,-1
Asn.CG,1
Asn.N,1
Asn.ND2,1
Asn.O,1
Asn.OD1,1
Asp.C,1
Asp.CA,-1
Asp.CB,-1
Asp.CG,1
Asp.N,1
Asp.O,1
Asp.OD1,1
Asp.OD2,1
Cys.C,1
Cys.CA,-1
Cys.CB,-1
Cys.N,1
Cys.O,1
Cys.SG,1
Gln.C,1
Gln.CA,-1
Gln.CB,-1
Gln.CD,1
Gln.CG,-1
Gln.N,1
Gln.NE2,1
Gln.O,1
Gln.OE1,1
Glu.C,1
Glu.CA,-1
Glu.CB,-1
Glu.CD,1
Glu.CG,-1
Glu.N,1
Glu.O,1
Glu.OE1,1
Glu.OE2,1
Gly.C,1
Gly.CA,-1
Gly.N,1
Gly.O,1
His.C,1
His.CA,-1
His.CB,-1
His.CD2,-1
His.CE1,1
His.CG,-1
His.N,1
His.ND1,1
His.NE2,1
His.O,1
Ile.C,1
Ile.CA,-1
Ile.CB,-1
Ile.CD1,-1
Ile.CG1,-1
Ile.CG2,-1
Ile.N,1
Ile.O,1
Leu.C,1
Leu.CA,-1
Leu.CB,-1
Leu.CD1,-1
Leu.CD2,-1
Leu.CG,-1
Leu.N,1
Leu.O,1
Lys.C,1
Lys.CA,-1
Lys.CB,-1
Lys.CD,-1
Lys.CE,-1
Lys.CG,-1
Lys.N,1
Lys.NZ,1
Lys.O,1
Met.C,1
Met.CA,-1
Met.CB,-1
Met.CE,-1
Met.CG,-1
Met.N,1
Met.O,1
Met.SD,1
Phe.C,1
Phe.CA,-1
Phe.CB,-1
Phe.CD1,-1
Phe.CD2,-1
Phe.CE1,-1
Phe.CE2,-1
Phe.CG,-1
Phe.CZ,-1
Phe.N,1
Phe.O,1
Pro.C,1
Pro.CA,-1
Pro.CB,-1
Pro.CD,-1
Pro.CG,-1
Pro.N,-1
Pro.O,1
Ser.C,1
Ser.CA,-1
Ser.CB,-1
Ser.N,1
Ser.O,1
Ser.OG,1
Thr.C,1
Thr.CA,-1
Thr.CB,-1
Thr.CG2,-1
Thr.N,1
Thr.O,1
Thr.OG1,1
Trp.C,1
Trp.CA,-1
Trp.CB,-1
Trp.CD1,-1
Trp.CD2,-1
Trp.CE2,-1
Trp.CE3,-1
Trp.CG,-1
Trp.CH2,-1
Trp.CZ2,-1
Trp.CZ3,-1
Trp.N,1
Trp.NE1,1
Trp.O,1
Tyr.C,1
Tyr.CA,-1
Tyr.CB,-1
Tyr.CD1,-1
Tyr.CD2,-1
Tyr.CE1,-1
Tyr.CE2,-1
Tyr.CG,-1
Tyr.CZ,-1
Tyr.N,1
Tyr.O,1
Tyr.OH,1
Val.C,1
Val.CA,-1
Val.CB,-1
Val.CG1,-1
Val.CG2,-1
Val.N,1
Val.O,1